seed,method,hostiles,neutralized,leaked,duplicate_pursuits,recovery_count,minimum_separation_m,per_agent_compute_ms
0,naive_static,100,64,36,0,0,59.64176407452233,2.1758792
0,independent_greedy,100,45,55,37,0,59.69357060898614,1.2611776
0,deterministic_ablation,100,75,25,25,0,59.59554247164353,51.8754512
0,airdnd,100,75,25,25,0,59.59554247164353,81.8044064
0,ortools_teacher,100,67,33,0,0,59.89801416344933,2.1797904
1,naive_static,100,68,32,0,0,59.65186835937436,1.6577688000000002
1,independent_greedy,100,50,50,34,0,59.57501209811186,1.269528
1,deterministic_ablation,100,78,22,25,0,59.57347133901052,51.2390576
1,airdnd,100,78,22,25,0,59.57347133901052,69.0588912
1,ortools_teacher,100,72,28,0,0,59.887531001673615,2.1476248
2,naive_static,100,58,42,0,0,59.64408451224195,1.6203928
2,independent_greedy,100,46,54,31,0,59.62799631275999,1.3611887999999999
2,deterministic_ablation,100,69,31,25,0,59.56738544336979,50.0892544
2,airdnd,100,69,31,25,0,59.56738544336979,67.6185872
2,ortools_teacher,100,63,37,0,0,59.88754118793712,2.2123928
3,naive_static,100,65,35,0,0,59.64940418878466,1.8058936
3,independent_greedy,100,44,56,38,0,59.66323932299827,2.1398136
3,deterministic_ablation,100,74,26,25,0,59.5780040863871,50.246026400000005
3,airdnd,100,74,26,25,0,59.5780040863871,68.17898480000001
3,ortools_teacher,100,67,33,0,0,59.885119755801114,2.1735432
4,naive_static,100,64,36,0,0,59.642842600805174,1.6162024
4,independent_greedy,100,42,58,36,0,59.723476842892886,1.2414864
4,deterministic_ablation,100,74,26,25,0,59.51809389497732,50.895312
4,airdnd,100,74,26,25,0,59.51809389497732,68.39544719999999
4,ortools_teacher,100,69,31,0,0,59.865163203456426,2.1316352000000003
5,naive_static,100,65,35,0,0,59.64171629611374,1.6798056
5,independent_greedy,100,50,50,31,0,59.66510911297048,1.2175327999999999
5,deterministic_ablation,100,74,26,25,0,59.63848363121594,50.0678008
5,airdnd,100,74,26,25,0,59.63848363121594,67.7387392
5,ortools_teacher,100,69,31,0,0,59.89138914969332,2.1733000000000002
6,naive_static,100,70,30,0,0,59.64197101721097,1.6104544
6,independent_greedy,100,51,49,33,0,59.76488127291674,1.2179464
6,deterministic_ablation,100,76,24,26,0,59.58329506509134,51.0223008
6,airdnd,100,76,24,26,0,59.58329506509134,68.8224624
6,ortools_teacher,100,75,25,0,0,59.906982133747235,2.3498664
7,naive_static,100,67,33,0,0,59.64694634989258,1.7011728000000002
7,independent_greedy,100,44,56,40,0,59.65277654022831,1.2340624
7,deterministic_ablation,100,77,23,25,0,59.54707565198396,54.1531392
7,airdnd,100,77,23,25,0,59.54707565198396,69.67804799999999
7,ortools_teacher,100,72,28,0,0,59.89145274362578,2.1327952
8,naive_static,100,62,38,0,0,59.65598953166075,1.665172
8,independent_greedy,100,47,53,38,0,59.71764848771955,1.2172112
8,deterministic_ablation,100,75,25,26,0,59.46449420635696,51.358265599999996
8,airdnd,100,75,25,26,0,59.46449420635696,69.098776
8,ortools_teacher,100,67,33,0,0,59.885521066007286,3.9632552
9,naive_static,100,65,35,0,0,59.64560139329477,1.637952
9,independent_greedy,100,49,51,35,0,59.70096774621261,1.1850383999999998
9,deterministic_ablation,100,74,26,25,0,59.60118157230202,50.8976536
9,airdnd,100,74,26,25,0,59.60118157230202,68.381488
9,ortools_teacher,100,67,33,0,0,59.8748180209065,2.1985696
10,naive_static,100,66,34,0,0,59.643043423976955,1.6180519999999998
10,independent_greedy,100,45,55,38,0,59.67377830518251,1.1435752
10,deterministic_ablation,100,74,26,26,0,59.604377518019234,50.480747199999996
10,airdnd,100,74,26,26,0,59.604377518019234,68.274124
10,ortools_teacher,100,69,31,0,0,59.884129799557606,2.1208128
11,naive_static,100,65,35,0,0,59.65368146924292,1.6395808
11,independent_greedy,100,40,60,42,0,59.678829093328005,1.1418952
11,deterministic_ablation,100,77,23,25,0,59.59915990645658,49.941149599999996
11,airdnd,100,77,23,25,0,59.59915990645658,67.67998399999999
11,ortools_teacher,100,69,31,0,0,59.892433368402166,2.1277256
12,naive_static,100,68,32,0,0,59.651376255242056,1.689184
12,independent_greedy,100,47,53,35,0,59.68495987696083,1.2241224
12,deterministic_ablation,100,75,25,25,0,59.50488843581759,50.8463512
12,airdnd,100,75,25,25,0,59.50488843581759,68.3385552
12,ortools_teacher,100,73,27,0,0,59.88057257530119,4.459936
13,naive_static,100,66,34,0,0,59.651608386753104,1.6463032
13,independent_greedy,100,45,55,36,0,59.63510392916079,1.1571120000000001
13,deterministic_ablation,100,76,24,25,0,59.627987810120445,51.126272799999995
13,airdnd,100,76,24,25,0,59.627987810120445,69.0765376
13,ortools_teacher,100,71,29,0,0,59.89062352893193,2.1356927999999997
14,naive_static,100,68,32,0,0,59.64618322454002,1.6726384
14,independent_greedy,100,50,50,32,0,59.537745189028435,1.1896503999999999
14,deterministic_ablation,100,76,24,25,0,59.60203089733698,51.0797512
14,airdnd,100,76,24,25,0,59.60203089733698,68.8505496
14,ortools_teacher,100,72,28,0,0,59.890857448546704,2.1993864
15,naive_static,100,67,33,0,0,59.65138639948678,1.6129192
15,independent_greedy,100,47,53,37,0,59.68133144243057,1.1979704
15,deterministic_ablation,100,76,24,25,0,59.59236351536854,51.5494416
15,airdnd,100,76,24,25,0,59.59236351536854,68.623244
15,ortools_teacher,100,72,28,0,0,59.88483352527395,2.122252
16,naive_static,100,72,28,0,0,59.65194018851008,1.6856696
16,independent_greedy,100,51,49,33,0,59.65401631024751,1.2032456
16,deterministic_ablation,100,84,16,25,0,59.588876250946406,51.590384
16,airdnd,100,84,16,25,0,59.588876250946406,68.4205576
16,ortools_teacher,100,77,23,0,0,59.89569393080492,2.1791456
17,naive_static,100,63,37,0,0,59.65114010609755,1.6274896
17,independent_greedy,100,47,53,37,0,59.699202594427646,1.1863304000000001
17,deterministic_ablation,100,72,28,25,0,59.59243040517848,52.181580000000004
17,airdnd,100,72,28,25,0,59.59243040517848,71.6073504
17,ortools_teacher,100,65,35,0,0,59.880816513991974,2.1321824
18,naive_static,100,66,34,0,0,59.64466472138352,1.6014416
18,independent_greedy,100,43,57,33,0,59.73008754778279,1.1747168
18,deterministic_ablation,100,75,25,25,0,59.59055617961505,51.2301616
18,airdnd,100,75,25,25,0,59.59055617961505,68.699948
18,ortools_teacher,100,71,29,0,0,59.87324848419764,2.1170432
19,naive_static,100,75,25,0,0,59.63729275525623,1.6745424
19,independent_greedy,100,52,48,33,0,59.68474434713415,1.1779024
19,deterministic_ablation,100,86,14,25,0,59.58748970000488,50.47682
19,airdnd,100,86,14,25,0,59.58748970000488,68.3241232
19,ortools_teacher,100,79,21,0,0,59.88317150579116,2.2063096
20,naive_static,100,60,40,0,0,59.638770015686795,1.7747264
20,independent_greedy,100,44,56,41,0,59.73241589139762,1.2859576
20,deterministic_ablation,100,67,33,26,0,59.60646615664026,50.863152
20,airdnd,100,67,33,26,0,59.60646615664026,69.34985520000001
20,ortools_teacher,100,64,36,0,0,59.874221828912,2.3100351999999997
21,naive_static,100,60,40,0,0,59.65097869356691,1.7533328
21,independent_greedy,100,42,58,40,0,59.735672172646865,1.0203784
21,deterministic_ablation,100,72,28,25,0,59.54697089385446,51.6297816
21,airdnd,100,72,28,25,0,59.54697089385446,69.455076
21,ortools_teacher,100,65,35,0,0,59.89230497336567,2.2429456
22,naive_static,100,61,39,0,0,59.654548535989186,1.6257104
22,independent_greedy,100,40,60,47,0,59.70807297801297,1.1653776
22,deterministic_ablation,100,71,29,25,0,59.59401965765753,52.2741408
22,airdnd,100,71,29,25,0,59.59401965765753,70.6737408
22,ortools_teacher,100,64,36,0,0,59.88296864100316,2.1215479999999998
23,naive_static,100,66,34,0,0,59.65298838753957,1.6219375999999999
23,independent_greedy,100,50,50,30,0,59.71314587675568,1.3089000000000002
23,deterministic_ablation,100,79,21,25,0,59.50598278555063,50.6229088
23,airdnd,100,79,21,25,0,59.50598278555063,72.0966624
23,ortools_teacher,100,70,30,0,0,59.88883327820773,2.1535352
24,naive_static,100,69,31,0,0,59.65430245903048,1.6569472
24,independent_greedy,100,49,51,34,0,59.621113557603074,1.2165576
24,deterministic_ablation,100,75,25,26,0,59.57711110694474,50.4890504
24,airdnd,100,75,25,26,0,59.57711110694474,68.308952
24,ortools_teacher,100,74,26,0,0,59.87019926269523,2.1349792
25,naive_static,100,64,36,0,0,59.64800380381591,1.6249832
25,independent_greedy,100,46,54,38,0,59.67336399803378,1.1630832
25,deterministic_ablation,100,75,25,27,0,59.63355616865265,51.1956232
25,airdnd,100,75,25,27,0,59.63355616865265,69.1971312
25,ortools_teacher,100,70,30,0,0,59.88715904557995,2.1155296
26,naive_static,100,63,37,0,0,59.64771101835918,1.6137464
26,independent_greedy,100,41,59,39,0,59.65869829162988,1.0909624
26,deterministic_ablation,100,76,24,25,0,59.59747884179452,50.9766168
26,airdnd,100,76,24,25,0,59.59747884179452,69.49246799999999
26,ortools_teacher,100,69,31,0,0,59.870954981192895,2.2630768
27,naive_static,100,65,35,0,0,59.64444740879552,1.6850744
27,independent_greedy,100,43,57,33,0,59.68528108815333,1.2560592
27,deterministic_ablation,100,73,27,25,0,59.60730557313,69.509828
27,airdnd,100,73,27,25,0,59.60730557313,16670.388565600002
27,ortools_teacher,100,69,31,0,0,59.89147805753939,2.154692
28,naive_static,100,62,38,0,0,59.64717986558763,1.5856408
28,independent_greedy,100,44,56,37,0,59.66940910471458,1.175712
28,deterministic_ablation,100,73,27,25,0,59.59531602655116,59.5249952
28,airdnd,100,73,27,25,0,59.59531602655116,69.69239599999999
28,ortools_teacher,100,67,33,0,0,59.88793731217333,2.0978824
29,naive_static,100,62,38,0,0,59.637861385172,1.5687016
29,independent_greedy,100,48,52,35,0,59.64666412167439,1.2183096
29,deterministic_ablation,100,68,32,25,0,59.592687311293886,50.0200984
29,airdnd,100,68,32,25,0,59.592687311293886,66.368764
29,ortools_teacher,100,65,35,0,0,59.88835703636211,2.1100816
